{
    "train_loss": [
        1.472431822887162,
        1.148708812492278,
        1.0003077206404314,
        0.8976667619422268,
        0.8138086631551118,
        0.7472067219979318,
        0.6821555353491507,
        0.6214324074709202,
        0.5659966817521074,
        0.5060492903946916,
        0.4526075796626718,
        0.3985505791957421,
        0.34813133049803924
    ],
    "test_loss": [
        1.281685466219665,
        1.0687185609416596,
        0.9942003758090316,
        0.940302916772806,
        0.8900117733675963,
        0.8975935255645946,
        0.8388124537316097,
        0.8030405927235913,
        0.8077483816890959,
        0.8373873529920153,
        0.8209210765209927,
        0.843375941940174,
        0.8931772268501816
    ],
    "train_acc": [
        0.47644,
        0.59478,
        0.64856,
        0.6858,
        0.71742,
        0.73806,
        0.76206,
        0.78304,
        0.80544,
        0.82744,
        0.84582,
        0.86594,
        0.88298
    ],
    "test_acc": [
        0.5469,
        0.6205,
        0.6513,
        0.6741,
        0.6924,
        0.6867,
        0.7132,
        0.7276,
        0.7249,
        0.7225,
        0.7332,
        0.7339,
        0.7317
    ]
}